,scores,names,logfoldchanges,pvals,pvals_adj
0,-18.672119140625,AC240274.1,0.25888583064079285,8.347450148259503e-78,4.734208676960597e-74
1,-18.666807174682617,MARCH9,0.11099394410848618,9.220162063087033e-78,4.734208676960597e-74
2,-18.666696548461914,NAPA,-0.094882071018219,9.23935113294231e-78,4.734208676960597e-74
3,-18.66651153564453,UBD,-21.985462188720703,9.27140010175882e-78,4.734208676960597e-74
4,15.76600170135498,LY6D,3.2991929054260254,5.331991778332815e-56,2.178118641448955e-52
5,13.688048362731934,SPRR1B,2.0488507747650146,1.1968135737951912e-42,4.0741528741277964e-39
6,-12.225372314453125,TGM2,-2.551738977432251,2.2753732541167963e-34,6.6392141021907955e-31
7,12.03418254852295,IGFBP6,1.2032674551010132,2.3495086951978393e-33,5.998589387426984e-30
8,11.801506042480469,KRT13,1.5008225440979004,3.8338590703580395e-32,8.700730168006996e-29
9,-11.5079927444458,RPSA,-1.1969010829925537,1.2024490898543712e-30,2.4560022660275532e-27
10,11.486860275268555,KLK11,2.272000789642334,1.5359306335870998e-30,2.8519439264560467e-27
11,11.228047370910645,CSAG1,2.4055657386779785,2.969679354096002e-29,5.0546417339509034e-26
12,10.925524711608887,GSTP1,0.9451345205307007,8.70358524307238e-28,1.3674671429981027e-24
13,10.64457893371582,S100A14,1.4083195924758911,1.8481808271284814e-26,2.696363813864231e-23
14,-10.392884254455566,RPL32,-0.8288232088088989,2.6714985740754355e-25,3.6376905583660515e-22
15,-9.83811092376709,TMA7,-0.9258127808570862,7.714589227934649e-23,9.848155311285326e-20
16,9.711874008178711,SERPINB13,2.858015298843384,2.683567002289549e-22,3.2242268248096495e-19
17,9.63001537322998,AC006262.5,1.1247471570968628,5.972075168508371e-22,6.776646406487972e-19
18,-9.493768692016602,SFT2D1,-2.5486342906951904,2.2282957191330366e-21,2.395417898068014e-18
19,9.164329528808594,S100A6,0.5596933960914612,4.98557150592937e-20,5.091514900430369e-17
20,9.150650024414062,CD9,0.9138655066490173,5.65921461615885e-20,5.270320338359475e-17
21,9.15031623840332,S100A13,0.8061164617538452,5.676722029077525e-20,5.270320338359475e-17
22,8.928540229797363,IFI27,0.8215291500091553,4.316674611829352e-19,3.833394736809327e-16
23,8.682072639465332,FXYD3,0.6456274390220642,3.886201133590303e-18,3.3073190897325805e-15
24,-8.66561222076416,RPL29,-0.6694009900093079,4.490934864154505e-18,3.669093784014231e-15
25,8.550942420959473,S100A11,0.6255233883857727,1.2208732748245496e-17,9.590898707035163e-15
26,8.403685569763184,EPHB6,1.4272634983062744,4.3268179611555504e-17,3.273157661355634e-14
27,8.186358451843262,PTGES,1.0646594762802124,2.692499097726044e-16,1.9640819311090875e-13
28,-8.111950874328613,RPL15,-0.7006673216819763,4.981348533086991e-16,3.508415303044889e-13
29,8.028534889221191,PSMB2,0.6733899712562561,9.864384888394292e-16,6.716002044848447e-13
30,8.019525527954102,PSMB3,0.6454911828041077,1.0615436381018749e-15,6.994202841364772e-13
31,-7.912752628326416,FYB,-1.3501489162445068,2.5175895431724294e-15,1.6069302006030272e-12
32,7.895735740661621,KRT17,0.769422173500061,2.8860727135319357e-15,1.7863040961784784e-12
33,-7.8532490730285645,GPX1,-0.7487500309944153,4.053949753374144e-15,2.4353506974313793e-12
34,7.8353424072265625,ATPIF1,0.5881333351135254,4.675662938186602e-15,2.7285833003560386e-12
35,7.780398845672607,SPRR3,2.1151294708251953,7.229614347739337e-15,4.101802029238221e-12
36,7.767497539520264,PSMB5,0.8675828576087952,8.00520275306407e-15,4.41908827652253e-12
37,-7.690865516662598,GALNT1,-1.2684346437454224,1.4614287447347496e-14,7.855179502949279e-12
38,-7.606559753417969,MT-CYB,-0.5527881383895874,2.8148843930662325e-14,1.4742054802148155e-11
39,7.583425521850586,TSPAN1,0.945944607257843,3.3654881896554276e-14,1.7185024068428026e-11
40,7.566074848175049,PRDX5,0.4803358316421509,3.846702316133193e-14,1.916314507488304e-11
41,7.558511734008789,B2M,0.4874862730503082,4.077068615522695e-14,1.9827172969535966e-11
42,-7.547389507293701,COTL1,-0.9497560262680054,4.4406837767396055e-14,2.1093247939513128e-11
43,7.537379741668701,CRIP1,0.6041403412818909,4.7950847905116724e-14,2.225900155595475e-11
44,-7.517582416534424,MT-ND3,-0.6135644316673279,5.579843947108578e-14,2.5326291693265043e-11
45,7.509796619415283,IFI27L2,0.6550112962722778,5.921922297064608e-14,2.6294622373379266e-11
46,-7.445288181304932,MT-ND5,-0.6699456572532654,9.67329953163542e-14,4.203768998588372e-11
47,7.404914855957031,S100A2,0.6481147408485413,1.3123473618992347e-13,5.5843114305816394e-11
48,7.369991302490234,PDLIM1,0.7217968702316284,1.706393460654136e-13,7.09379919557054e-11
49,7.367655277252197,PSMB7,0.5817102789878845,1.7365481506904625e-13,7.09379919557054e-11
50,7.333288192749023,C12orf57,0.7308027148246765,2.245735763487909e-13,8.993951562596186e-11
51,-7.328394412994385,FTL,-0.7793887257575989,2.3292661868949406e-13,9.149088820640224e-11
52,7.3065948486328125,LGALS3,0.5949869751930237,2.739971613463638e-13,1.0559230227357509e-10
53,7.252874851226807,CYBA,0.5748293399810791,4.080173022296546e-13,1.5432876663038323e-10
54,7.2258477210998535,KRT19,0.4967409074306488,4.97984823458563e-13,1.8493345489347543e-10
55,7.175797939300537,ISG15,0.701684296131134,7.188654008093573e-13,2.6219331806305574e-10
56,7.167233943939209,PSMC1,0.60230553150177,7.652810741601222e-13,2.7422571824071045e-10
57,7.152997970581055,ETFB,0.7059283256530762,8.49030075605156e-13,2.989903326592295e-10
58,7.116628170013428,AGR2,0.8377631306648254,1.1059926012417e-12,3.828796420400292e-10
59,-6.937227725982666,RPS2,-0.7240347266197205,3.998689451915839e-12,1.3548029619848834e-09
60,6.935559272766113,FKBP3,0.8089315295219421,4.046167964801855e-12,1.3548029619848834e-09
61,6.895297050476074,MYL6,0.5222694277763367,5.375231426893031e-12,1.770791966036938e-09
62,-6.8598175048828125,LITAF,-0.8912830352783203,6.8948587304420374e-12,2.2353569772901367e-09
63,-6.82912015914917,TPM2,-1.55150306224823,8.543690940155182e-12,2.7266388664479625e-09
64,6.812103271484375,COX6C,0.467490553855896,9.618194084391119e-12,3.0223325257490553e-09
65,-6.809322834014893,RPL14,-0.6216406226158142,9.805920070113814e-12,3.0346351126071915e-09
66,-6.761163711547852,CYB5A,-1.1440043449401855,1.3688758439852708e-11,4.173028225880471e-09
67,6.719566822052002,IFI6,0.5982628464698792,1.8226539175971515e-11,5.474662686312032e-09
68,6.6966552734375,GSN,0.8619646430015564,2.1324378797575845e-11,6.312325173050531e-09
69,6.649163722991943,SERPINB3,2.425891876220703,2.9476306923510265e-11,8.600765270181388e-09
70,6.580428600311279,SERPINB1,1.2363499402999878,4.690937499168085e-11,1.349470400288847e-08
71,6.531936168670654,S100A10,0.4567006826400757,6.492487475862006e-11,1.8417924540900204e-08
72,6.525707721710205,PRDX1,0.47619348764419556,6.76812205129399e-11,1.8936834643517776e-08
73,-6.519590377807617,RHOA,-0.7199361324310303,7.049961349100085e-11,1.9458846020995842e-08
74,6.477214813232422,DEFB1,1.551277756690979,9.343101341454243e-11,2.5444379319893723e-08
75,6.448853492736816,PSMA3,0.6327875256538391,1.1269944226283947e-10,3.0287975108138104e-08
76,6.443514823913574,HSPB1,0.5518537759780884,1.1673784081545501e-10,3.0965849333190504e-08
77,6.416710376739502,FAM83A,1.0181549787521362,1.3925042287589187e-10,3.64639729133345e-08
78,6.386457920074463,PSMA5,0.5089941024780273,1.6977187018661829e-10,4.3893549981793395e-08
79,6.384456157684326,PSMB6,0.4741459786891937,1.7200765230622267e-10,4.3915703729432477e-08
80,-6.272344589233398,RP11-357H14.17,-2.2215147018432617,3.5565103983566975e-10,8.96811418351056e-08
81,6.223184585571289,CLU,1.0530495643615723,4.8716308276663e-10,1.2134519470132215e-07
82,-6.207280158996582,RPS6,-0.5474908947944641,5.390947311226989e-10,1.3266276967688103e-07
83,6.193154811859131,COPE,0.5707520842552185,5.897171247686045e-10,1.4301185558974575e-07
84,6.191709041595459,UQCC2,0.625978946685791,5.9515337699527e-10,1.4301185558974575e-07
85,6.183812141418457,DHRS9,0.6409808993339539,6.257175925281055e-10,1.4860792822542507e-07
86,6.171021938323975,SLC9A3R1,0.6117143034934998,6.785005763951455e-10,1.5770326477959102e-07
87,6.170799255371094,RHOD,0.6702871322631836,6.794559265901596e-10,1.5770326477959102e-07
88,6.0720343589782715,NOSIP,0.537802517414093,1.2629974740283112e-09,2.898508247980703e-07
89,5.985615253448486,NMB,1.0510903596878052,2.155733009938758e-09,4.892316303111014e-07
90,-5.955474376678467,BRK1,-0.5561732649803162,2.593187011542575e-09,5.820422495687593e-07
91,-5.92043924331665,NFIA,-1.4885311126708984,3.210824966460468e-09,7.128380428255985e-07
92,5.905535697937012,DDX1,0.5388670563697815,3.515025509355029e-09,7.719827529954459e-07
93,-5.887184143066406,ITGB1,-0.6088052988052368,3.928308712705287e-09,8.535713346489946e-07
94,-5.882735252380371,ARHGAP29,-1.1408296823501587,4.035410088585042e-09,8.603087193167688e-07
95,5.882401466369629,RPL18,0.32921695709228516,4.043556281733651e-09,8.603087193167688e-07
96,5.876061916351318,BLVRB,0.7794355154037476,4.20140991841233e-09,8.846783256038333e-07
97,5.855597019195557,EDF1,0.4094710052013397,4.752988499081703e-09,9.858681034504006e-07
98,5.85470724105835,CHMP2A,0.5008067488670349,4.778503904116997e-09,9.858681034504006e-07
99,-5.838913917541504,SHC1,-0.7395416498184204,5.254218630251788e-09,1.0731741552289277e-06
100,5.832685470581055,UBE2L3,0.4875834286212921,5.454229124224016e-09,1.1029963352700549e-06
101,-5.824010372161865,CTSZ,-1.0576993227005005,5.74520392454433e-09,1.1504489231256662e-06
102,-5.795203685760498,MT-ND1,-0.5635926723480225,6.823823334132686e-09,1.3531707922297098e-06
103,5.784415245056152,MRPL54,0.6918745040893555,7.276494142885728e-09,1.4267319314499629e-06
104,-5.783080577850342,GNAI2,-1.0733743906021118,7.33448483731927e-09,1.4267319314499629e-06
105,-5.753829479217529,CMTM6,-0.9973458051681519,8.72441899748625e-09,1.6810967738080816e-06
106,-5.709897041320801,THUMPD3-AS1,-0.8876501321792603,1.1304465138533518e-08,2.1477062284508967e-06
107,5.709118366241455,RBX1,0.4432719051837921,1.1356292419715881e-08,2.1477062284508967e-06
108,5.707338809967041,STC1,0.8445320725440979,1.1475623347415821e-08,2.150363365788699e-06
109,5.694214820861816,POMP,0.32586467266082764,1.2394110045181494e-08,2.294044729022802e-06
110,-5.69321346282959,RPL12,-0.47312140464782715,1.2467023986366268e-08,2.294044729022802e-06
111,5.685317039489746,NDUFA6,0.4160816967487335,1.3057031941554306e-08,2.3811596196986314e-06
112,-5.6771979331970215,GOLGA4,-0.7825192809104919,1.3691919129836373e-08,2.4748446745744066e-06
113,5.6725263595581055,TMPRSS4,0.7325014472007751,1.4070682838057485e-08,2.520997341818633e-06
114,5.666631698608398,FABP5,0.5868520736694336,1.4563194463805096e-08,2.5865499732453834e-06
115,5.643052577972412,NDUFS4,0.504208505153656,1.6706121746736338e-08,2.9415735920438766e-06
116,-5.634599685668945,SLC1A3,-1.7928481101989746,1.7546530649652675e-08,3.0631443463175714e-06
117,-5.628371238708496,PPDPF,-0.45283547043800354,1.8191904952064772e-08,3.1488954122535846e-06
118,5.594893455505371,GAPDH,0.28954359889030457,2.2075699479125462e-08,3.769654837591339e-06
119,5.593447685241699,SLC25A5,0.4189414381980896,2.2260416130046982e-08,3.769654837591339e-06
120,5.592891693115234,CLEC2B,0.7337337136268616,2.2331859747787125e-08,3.769654837591339e-06
121,5.539727687835693,IFI27L1,1.1497396230697632,3.029422256531566e-08,5.071799146693216e-06
122,5.5345001220703125,SLC39A4,0.7440650463104248,3.121168315308124e-08,5.182915678062473e-06
123,-5.527493476867676,THOC7,-0.7428786158561707,3.2483849340569836e-08,5.35066631275112e-06
124,5.504693031311035,FGFBP1,0.8328710198402405,3.6981226645459664e-08,6.042732433868109e-06
125,5.4997992515563965,TSPO,0.5025128722190857,3.802240379320464e-08,6.163552360922259e-06
126,-5.485562801361084,ITGA2,-0.7205807566642761,4.121550706414067e-08,6.628556943189553e-06
127,-5.48133659362793,PUM3,-2.558157205581665,4.2212498577756813e-08,6.7358615894584605e-06
128,-5.47377347946167,CRIP2,-1.4720723628997803,4.405525441614714e-08,6.975415282556631e-06
129,5.454865455627441,MGST2,0.6914515495300293,4.9009889595702676e-08,7.700207653786363e-06
130,-5.45230770111084,HN1L,-0.885603666305542,4.972037111599014e-08,7.75220290109999e-06
131,5.447969913482666,HINT1,0.35444873571395874,5.094797851922198e-08,7.863452073112283e-06
132,5.446969032287598,LY6K,0.916697084903717,5.1235416919654054e-08,7.863452073112283e-06
133,5.445745468139648,ATP5C1,0.4568804204463959,5.158886549801939e-08,7.863452073112283e-06
134,5.439961910247803,FLG,2.3475944995880127,5.3291955688852046e-08,8.062875518109652e-06
135,-5.430397033691406,MT-ND4,-0.4138159155845642,5.6228864056692726e-08,8.444665796749624e-06
136,5.406595230102539,S100A4,0.6783623099327087,6.423400508984395e-08,9.576493094598997e-06
137,5.403592586517334,NDUFA13,0.42553621530532837,6.53192613078569e-08,9.667724001543314e-06
138,-5.39925479888916,SELK,-0.7823662161827087,6.691827025570727e-08,9.833134316351231e-06
139,5.393916130065918,SPON2,2.202094078063965,6.89383881070834e-08,1.005761840776556e-05
140,5.384907245635986,PRKCDBP,0.7838565707206726,7.248202550072454e-08,1.0499612559236161e-05
141,5.377566814422607,DHRS1,0.9200941920280457,7.549929151775866e-08,1.0859669220071976e-05
142,-5.371338367462158,FNDC3B,-1.305794596672058,7.815448221185293e-08,1.1099138438259418e-05
143,-5.371115684509277,SSR1,-0.839382529258728,7.825096377524388e-08,1.1099138438259418e-05
144,5.368001461029053,NDUFS5,0.328238308429718,7.96138773411185e-08,1.1214575480636865e-05
145,5.3567681312561035,ATP5H,0.34324896335601807,8.472372612450464e-08,1.1852617165020599e-05
146,5.333077907562256,BTF3,0.27973267436027527,9.656184245837945e-08,1.3416841035458506e-05
147,-5.315171241760254,DCBLD2,-0.8112379312515259,1.0655706564693256e-07,1.4705595039449983e-05
148,5.310500144958496,FAM71E1,0.4828356206417084,1.0932491963673119e-07,1.498631868174654e-05
149,5.275798797607422,MLLT11,1.4502030611038208,1.3217905671437298e-07,1.7998381555940454e-05
150,5.259893894195557,PFDN5,0.3470459580421448,1.4413839534274645e-07,1.9496865727652954e-05
151,5.255222797393799,C14orf166,0.4568943977355957,1.4784539350047562e-07,1.9866724751626412e-05
152,5.233534336090088,HES4,0.61861252784729,1.6629889352063786e-07,2.2200358824568814e-05
153,-5.231198787689209,MT-ATP6,-0.418101042509079,1.684141721814148e-07,2.2336749784450633e-05
154,5.219854354858398,TIMP1,0.284130334854126,1.790639462901584e-07,2.3596007115977325e-05
155,5.215071678161621,COX4I1,0.2860773205757141,1.8374607939452736e-07,2.4057779946366803e-05
156,5.205729007720947,NAPRT,0.5739925503730774,1.932363238124009e-07,2.5055000322726793e-05
157,-5.205173015594482,RNPS1,-0.5565917491912842,1.9381591436919625e-07,2.5055000322726793e-05
158,5.200279235839844,BST2,0.5364221334457397,1.989892869651141e-07,2.556198859284563e-05
159,5.194495677947998,EIF1,0.24837157130241394,2.0527544681831492e-07,2.6204693757900515e-05
160,-5.180148124694824,PODXL,-1.0032118558883667,2.217097196637215e-07,2.8086861176171046e-05
161,5.179258346557617,UQCRB,0.30209165811538696,2.227697189982722e-07,2.8086861176171046e-05
162,5.178034782409668,HS3ST1,0.6376245021820068,2.2423521699632352e-07,2.8098185933435018e-05
163,5.157792568206787,DAAM1,0.5805560946464539,2.4987814994120434e-07,3.1120495198470114e-05
164,5.1399970054626465,UFD1L,0.6275427937507629,2.747426245635332e-07,3.400980670733434e-05
165,5.138551235198975,SRP14,0.2711320221424103,2.7686464947825464e-07,3.406602690116477e-05
166,5.134769916534424,FERMT3,0.6480498313903809,2.824896667022392e-07,3.455000863708525e-05
167,5.131655693054199,SNRPD3,0.48733633756637573,2.872047553311093e-07,3.491760195022564e-05
168,5.127985000610352,COX6B1,0.25362274050712585,2.9285942768807676e-07,3.539440124573354e-05
169,5.123536586761475,SPAG7,0.7742050290107727,2.998577987943824e-07,3.602703259044271e-05
170,-5.111969470977783,NKTR,-0.8430020213127136,3.188176429122741e-07,3.8080996236743844e-05
171,-5.108632564544678,SMARCC1,-1.0685620307922363,3.2449854442664196e-07,3.8534202150663736e-05
172,-5.102960586547852,MT-ND2,-0.42649853229522705,3.3438108115303997e-07,3.945956882253544e-05
173,5.101959228515625,COX5A,0.3154171407222748,3.361549559422848e-07,3.945956882253544e-05
174,-5.099623680114746,RPS15A,-0.5067916512489319,3.4032939491024914e-07,3.9721302234524796e-05
175,5.092839241027832,VDAC2,0.362199068069458,3.5274089241454303e-07,4.0935981406630916e-05
176,5.091615676879883,RAN,0.3923189043998718,3.550250459714872e-07,4.096828567213348e-05
177,-5.079047679901123,SMIM4,-0.8696058392524719,3.7933147870338337e-07,4.3527221643351715e-05
178,5.076601028442383,IER3,0.6170117855072021,3.8424695172965114e-07,4.384493848646997e-05
179,5.072597026824951,MGST3,0.5211009383201599,3.924233175848306e-07,4.452914589816758e-05
180,5.058582782745361,TRBC2,1.0227994918823242,4.223835896763527e-07,4.766400452563262e-05
181,5.050018787384033,SSBP1,0.40777063369750977,4.4176647916703585e-07,4.957736448893795e-05
182,5.042678356170654,ARPC3,0.3300732374191284,4.590608639427245e-07,5.12255892891234e-05
183,5.041676998138428,PSMD8,0.39567768573760986,4.61469200939961e-07,5.12255892891234e-05
184,-5.040342330932617,SEPW1,-0.4730314612388611,4.646992813837961e-07,5.1305312552778564e-05
185,-5.036894798278809,NT5E,-0.9826355576515198,4.7314491349821874e-07,5.191973282974954e-05
186,5.036005020141602,KLK10,1.2320308685302734,4.753483495306323e-07,5.191973282974954e-05
187,5.023437023162842,NDUFB1,0.3675636053085327,5.075491250184372e-07,5.514197275798712e-05
188,-5.021212577819824,PRKAR2A,-0.945786714553833,5.134633102486766e-07,5.5489355089043486e-05
189,5.017430782318115,NDUFA4,0.29667720198631287,5.236702603179505e-07,5.629455298417968e-05
190,5.008421897888184,TALDO1,0.3653685748577118,5.487812106733462e-07,5.868511114137746e-05
191,4.977168560028076,TPI1,0.25317099690437317,6.452109563627011e-07,6.863767595681339e-05
192,-4.954257011413574,CMTM7,-1.1086333990097046,7.26071866954792e-07,7.683947089404988e-05
193,4.95003080368042,PSMA2,0.31932052969932556,7.420181939848048e-07,7.812227635123525e-05
194,4.9425787925720215,VDAC3,0.6209461688995361,7.709595322571987e-07,8.075306895565787e-05
195,4.927007675170898,S100A16,0.45434948801994324,8.349846330128283e-07,8.701306698615825e-05
196,-4.922447681427002,NR2F2,-0.7115277647972107,8.546844607798549e-07,8.86138584336474e-05
197,4.916441440582275,CIB1,0.34870630502700806,8.813145064821879e-07,9.091337775201358e-05
198,4.903985023498535,PSMA1,0.44586822390556335,9.391174800080518e-07,9.638931924203246e-05
199,-4.88307523727417,FOXP1,-1.3422366380691528,1.0444403950653156e-06,0.00010666347534604537
200,-4.871841907501221,TUSC2,-0.9006530046463013,1.1056270288593669e-06,0.00011235040828085855
201,-4.858606338500977,COL6A1,-3.200549840927124,1.182148795202946e-06,0.00011914337957007606
202,4.858272552490234,PSMC3,0.5339305996894836,1.184142279203204e-06,0.00011914337957007606
203,4.84648323059082,ECM1,1.8584822416305542,1.2566920321845434e-06,0.00012582320959494755
204,-4.8430352210998535,QKI,-2.7776670455932617,1.278705203210937e-06,0.00012740270134430922
205,-4.81867790222168,PLIN2,-1.420103669166565,1.4451269281882982e-06,0.00014275187574197965
206,-4.818455219268799,EPB41L2,-1.9085417985916138,1.4467387162100264e-06,0.00014275187574197965
207,-4.816787242889404,SPATS2L,-0.5929720401763916,1.4588823447776792e-06,0.00014325803794271202
208,4.794764995574951,KRT6A,0.45570582151412964,1.6286550296113414e-06,0.00015916401425747202
209,4.793319225311279,MMP28,0.7863192558288574,1.6404422954597676e-06,0.00015955254230840834
210,-4.778637886047363,RPL24,-0.404493123292923,1.7648658782930937e-06,0.0001708406898774239
211,-4.771742343902588,INHBA,-3.7409555912017822,1.8263910266495634e-06,0.00017596243735527043
212,4.740044116973877,LMO7,0.6530099511146545,2.136716888914703e-06,0.00020489409603794746
213,4.723583221435547,MINOS1,0.3025829493999481,2.3172496345861407e-06,0.00022050035432944986
214,-4.723249435424805,KRBOX1,-2.4829978942871094,2.32105636136263e-06,0.00022050035432944986
215,4.722137451171875,NDUFB2,0.2977050840854645,2.3337888641453973e-06,0.00022068350717671173
216,4.716909885406494,CAPG,0.4645317494869232,2.394535316366794e-06,0.00022538425731240445
217,4.7134623527526855,RPL10,0.2372647076845169,2.4354298657039435e-06,0.00022726404542072892
218,4.713350772857666,NDUFA1,0.17246383428573608,2.436760144290802e-06,0.00022726404542072892
219,-4.6982245445251465,PCDH7,-1.037899374961853,2.62432520066618e-06,0.00024364473738003057
220,4.690439224243164,TXN,0.2489517629146576,2.7261914587118507e-06,0.0002519568350415817
221,4.684321880340576,HIGD2A,0.3779315650463104,2.80888041606671e-06,0.0002584296508926241
222,4.661188125610352,SOD1,0.2688550055027008,3.1438942498959875e-06,0.0002879553365655854
223,4.6544036865234375,ATP5G2,0.2773383557796478,3.249200425299526e-06,0.000296271958422959
224,-4.618701457977295,SHISA5,-0.8734172582626343,3.861492507535245e-06,0.0003505377087395883
225,-4.613918781280518,PABPC1,-0.39724594354629517,3.951469072229824e-06,0.00035711838849687683
226,4.609358787536621,PSMD7,0.2992756962776184,4.039129686275153e-06,0.00036203230622491097
227,-4.60924768447876,IMPDH1,-0.9650895595550537,4.041290860185053e-06,0.00036203230622491097
228,4.604242324829102,SPCS3,0.44518977403640747,4.139698940048154e-06,0.0003692286063339893
229,4.602574348449707,ORMDL2,0.5638381242752075,4.1730089311721815e-06,0.00037058133660518175
230,4.599348545074463,TSC22D1,0.33519160747528076,4.238137962035501e-06,0.00037473579166482734
231,4.596457004547119,ATP5J2,0.27443039417266846,4.297356650571917e-06,0.00037833409305142846
232,-4.584111213684082,HIGD1A,-0.7234193086624146,4.559211992166292e-06,0.00039966482806865454
233,4.580663681030273,MRPL13,0.42867839336395264,4.6350309799285644e-06,0.0004045748195087219
234,-4.5736565589904785,PRNP,-0.7352890968322754,4.792852942286774e-06,0.0004165703036008824
235,-4.571765899658203,ATP1B1,-0.8055252432823181,4.836313839645029e-06,0.0004185665685370751
236,4.566649436950684,CEACAM6,0.05669500678777695,4.955814591369146e-06,0.00042709921109162363
237,-4.550967216491699,MT-ND4L,-0.475266695022583,5.339984269570556e-06,0.0004582738601091538
238,4.545628547668457,TIMP3,0.518039882183075,5.477152206362283e-06,0.000468078802573011
239,4.544405460357666,NDUFA12,0.3202134668827057,5.509058263108993e-06,0.00046884381260000495
240,4.540957450866699,CXCL14,1.8712507486343384,5.599935463808197e-06,0.0004743878279241531
241,4.5401787757873535,EMP1,0.4274853765964508,5.620653824119709e-06,0.0004743878279241531
242,4.523940563201904,PSME1,0.4019012749195099,6.0698806537574305e-06,0.0005101947010411338
243,4.515376567840576,PHPT1,0.3406568765640259,6.320440448953559e-06,0.0005290778531552313
244,-4.502696990966797,SNCG,-2.290361166000366,6.7096471775171505e-06,0.0005593654840848482
245,-4.498470783233643,PLOD2,-1.8218063116073608,6.8444026280233254e-06,0.0005682801775503106
246,-4.497025012969971,WWTR1,-0.8752831816673279,6.891094612796658e-06,0.0005698405160581852
247,4.488460540771484,TSTD1,0.44925978779792786,7.17396367706494e-06,0.0005908395488066589
248,4.484568119049072,TRAPPC4,0.6145355701446533,7.306180539002391e-06,0.0005993121988318226
249,-4.477672100067139,WTAP,-0.7596633434295654,7.54613336553361e-06,0.0006165190959640959
250,4.474446773529053,APRT,0.35115233063697815,7.660938765912982e-06,0.0006234050768676202
251,-4.472556114196777,TGFBR2,-1.6622543334960938,7.729012915467466e-06,0.0006264487650731071
252,-4.462546348571777,ARF4,-0.8469272255897522,8.099149255179186e-06,0.0006538542432293869
253,4.443304538726807,GPX2,0.4417111575603485,8.858754204884649e-06,0.0007117738885635952
254,-4.4426374435424805,RHOXF1-AS1,-1.8253612518310547,8.886283553670343e-06,0.0007117738885635952
255,4.430736541748047,COX7B,0.27714601159095764,9.39116918165318e-06,0.0007492759005283835
256,-4.4197258949279785,ARL6IP1,-0.9726306796073914,9.88262245729177e-06,0.0007854185357594723
257,4.400595664978027,VPS29,0.37285611033439636,1.0795412566660355e-05,0.0008546368281939448
258,4.3853583335876465,EIF3I,0.3685259222984314,1.1579502363870018e-05,0.0009110544482011518
259,-4.385024547576904,CDCP1,-1.0378568172454834,1.1597265925693976e-05,0.0009110544482011518
260,4.3624467849731445,PPP2R1A,0.4372030198574066,1.2861596790881061e-05,0.0010065061856465351
261,-4.349322319030762,SRGAP3,-1.7129908800125122,1.365587790621818e-05,0.0010645851382996424
262,4.346652984619141,NDUFAB1,0.3278871774673462,1.3823054228110627e-05,0.001073520466194523
263,-4.331082344055176,SS18L2,-0.7327101230621338,1.483783232771772e-05,0.001147964868536494
264,4.328301429748535,AIMP1,0.3405543267726898,1.5026361869372939e-05,0.0011581639289884615
265,4.320293426513672,LENG1,0.7836911082267761,1.5582172405822448e-05,0.0011964882383042237
266,-4.3192925453186035,DPH3,-1.0363868474960327,1.5653011280715048e-05,0.0011974260502194938
267,4.3142876625061035,BCCIP,0.4653698801994324,1.6011835013928292e-05,0.0012203049632816616
268,-4.310394763946533,BAG1,-0.7529153227806091,1.6296326826298942e-05,0.0012362941367109095
269,-4.309727668762207,TOPBP1,-0.8922448754310608,1.6345578080103284e-05,0.0012362941367109095
270,4.308948993682861,GADD45GIP1,0.336323618888855,1.6403217187204722e-05,0.0012362941367109095
271,4.294045448303223,NUDT14,0.5035948157310486,1.7544663910793668e-05,0.001315270775347852
272,-4.293600559234619,SMC4,-0.7795180082321167,1.757987376597129e-05,0.001315270775347852
273,4.286371231079102,KLC3,1.1969730854034424,1.816155660656783e-05,0.001353831363829007
274,4.280031204223633,F3,0.4194778501987457,1.868669560064047e-05,0.0013879118459748422
275,4.2758049964904785,PLAT,1.2936407327651978,1.904478977780502e-05,0.0014093834464190852
276,-4.271578311920166,TMEM181,-0.6941752433776855,1.9409414019377968e-05,0.001431181521103953
277,-4.268909454345703,AP3S1,-0.6219181418418884,1.9643118281796204e-05,0.001443203924121178
278,4.266351222991943,MDH2,0.3104930520057678,1.9869597729003096e-05,0.0014546112315945816
279,4.261679649353027,TMEM59,0.2969541549682617,2.0289600040875885e-05,0.0014777260865487987
280,-4.261234760284424,APPL1,-1.02154541015625,2.0330038204171967e-05,0.0014777260865487987
281,4.2561187744140625,NDUFC2,0.23679883778095245,2.080062708596733e-05,0.0014981935420024873
282,4.256007671356201,ATP6V1G1,0.31341859698295593,2.081097155825035e-05,0.0014981935420024873
283,-4.25578498840332,YBX1,-0.3885778784751892,2.0831675198467877e-05,0.0014981935420024873
284,-4.253783226013184,HMGN1,-0.3500462770462036,2.101889246553401e-05,0.0015063539600299375
285,-4.252781867980957,SYT8,-1.323268175125122,2.111310072643799e-05,0.0015078149732080277
286,4.2505574226379395,UQCR10,0.28655126690864563,2.1323893683147717e-05,0.0015175628169975335
287,4.245107650756836,COPS5,0.5183277130126953,2.1848836281398035e-05,0.001540363465169785
288,4.244885444641113,UPK3BL,1.2670599222183228,2.1870521659693397e-05,0.001540363465169785
289,4.244885444641113,ENY2,0.2939879894256592,2.1870521659693397e-05,0.001540363465169785
290,4.23943567276001,NDUFB7,0.23366466164588928,2.24082576800136e-05,0.0015728132753067964
291,4.2323174476623535,C19orf33,0.3015802204608917,2.312957805119826e-05,0.0016178823003278235
292,-4.230093002319336,TKT,-0.7862391471862793,2.3359485415826263e-05,0.0016283873365810627
293,-4.2276458740234375,TCP1,-0.6033830642700195,2.3614894695768133e-05,0.0016350312683425902
294,4.2276458740234375,SERPINB6,0.5176511406898499,2.3614894695768133e-05,0.0016350312683425902
295,4.224531650543213,SKP1,0.24718011915683746,2.394380550439417e-05,0.00165220347103801
296,-4.221084117889404,AC098973.2,-2.2692575454711914,2.431303980824979e-05,0.001672033124860276
297,4.21785831451416,TUFM,0.309197336435318,2.4663351549433872e-05,0.0016904327362321705
298,4.214299201965332,SFTA1P,0.628899872303009,2.5055473496320396e-05,0.001711565371780415
299,-4.211407661437988,ZDHHC3,-0.631314218044281,2.5378432035556568e-05,0.0017278482477541429
300,-4.207737445831299,GNL3,-0.5814788937568665,2.579404550936733e-05,0.001750310230992783
301,-4.203399658203125,CITED4,-1.3035019636154175,2.6293571927132302e-05,0.0017782986973896597
302,-4.1988396644592285,JAG1,-0.6361658573150635,2.682862843486961e-05,0.001808497477829082
303,4.19650411605835,CYC1,0.3387656807899475,2.7106675684344546e-05,0.0018161497576619282
304,4.19639253616333,AC009410.1,1.6448003053665161,2.711998414134091e-05,0.0018161497576619282
305,4.189608097076416,RPA3,0.3687942922115326,2.7943652706992828e-05,0.0018534318557047076
306,-4.189496994018555,PSIP1,-1.407784342765808,2.795735157972463e-05,0.0018534318557047076
307,4.189496994018555,ANXA1,0.19320069253444672,2.795735157972463e-05,0.0018534318557047076
308,4.18882942199707,NDUFA8,0.45968443155288696,2.8039678992056533e-05,0.0018534318557047076
309,-4.188051223754883,ARL14,-1.2813327312469482,2.8136018951118713e-05,0.0018538006034729024
310,4.176039218902588,DDX24,0.33630800247192383,2.9662878952773823e-05,0.0019481167286508208
311,-4.173147201538086,PTPRA,-0.7430062890052795,3.004204594908082e-05,0.001966694834967871
312,4.163360118865967,PSMC5,0.35332849621772766,3.1359849875521035e-05,0.002046405539001652
313,4.159912109375,NACA,0.1869964450597763,3.183702204105398e-05,0.0020709273095176036
314,4.15601921081543,PNN,0.36624160408973694,3.238405452950717e-05,0.0020998232183021713
315,4.15346097946167,PSMG2,0.4979798495769501,3.274838251258194e-05,0.002116726939302171
316,-4.148678779602051,SELT,-0.4425404965877533,3.343998677427027e-05,0.002154611135219149
317,4.14589786529541,DDT,0.3124414384365082,3.38484368303084e-05,0.002167385143003434
318,4.145786762237549,LSR,0.5763044953346252,3.3864872994678506e-05,0.002167385143003434
319,4.144674777984619,SUPT16H,0.4588039219379425,3.40296521086897e-05,0.002167385143003434
320,-4.144452095031738,METRN,-1.1441105604171753,3.4062699187471355e-05,0.002167385143003434
321,-4.137890338897705,MKKS,-0.7025488018989563,3.5051414131179274e-05,0.0022233699802153314
322,4.136777877807617,CYTH2,0.6615251302719116,3.5221671033768706e-05,0.0022272527271353744
323,4.135221004486084,SFN,0.323920875787735,3.546135052164129e-05,0.0022354879148287756
324,4.134219646453857,PSME2,0.2118181586265564,3.561624718146744e-05,0.002238344149789146
325,4.132328987121582,CAV2,0.37903594970703125,3.591058435066659e-05,0.0022499192802526535
326,4.117870330810547,BLOC1S1,0.3491711914539337,3.823899084637719e-05,0.0023884751927744775
327,4.113755226135254,C7orf55,0.8141607046127319,3.892745366432094e-05,0.0024240647594321804
328,4.112642765045166,PIN4,0.34556347131729126,3.9115534563507636e-05,0.002428373232400132
329,4.108749866485596,LAMTOR4,0.2825290262699127,3.978063260906266e-05,0.0024606582620622787
330,-4.108193874359131,NFIB,-2.048107147216797,3.987651822485259e-05,0.0024606582620622787
331,-4.106637001037598,TRAK1,-1.92031729221344,4.0146166188858666e-05,0.0024683512950243883
332,4.106080532073975,CLDN7,0.45811936259269714,4.0242887698561636e-05,0.0024683512950243883
333,-4.10296630859375,TCEB2,-0.4627211093902588,4.078862773690027e-05,0.0024943344955873892
334,4.098962783813477,PPIA,0.2030530571937561,4.150061739013126e-05,0.0025302988363983016
335,4.093512535095215,SMAD3,0.5362248420715332,4.248868137658167e-05,0.002582831300942502
336,4.091288089752197,CCT5,0.24107763171195984,4.2898352072946136e-05,0.0025999965610976994
337,-4.088285446166992,FKBP1A,-0.39945679903030396,4.345735451353788e-05,0.0026260842187544706
338,4.0833916664123535,CCDC53,0.831688404083252,4.438315295824856e-05,0.0026741176966732353
339,4.082056999206543,ALKBH2,0.7626619935035706,4.4638871747348104e-05,0.00267631153952646
340,4.081834316253662,RPL36AL,0.27183017134666443,4.468162717153111e-05,0.00267631153952646
341,4.079720973968506,MRPL16,0.6183614730834961,4.5089745467384445e-05,0.0026928597987465708
342,4.078831195831299,ANO1,0.5429924130439758,4.526264027620502e-05,0.0026953044537652696
343,4.076273441314697,MCTS1,0.40235960483551025,4.576322192026073e-05,0.002717097450587987
344,-4.075605869293213,TMSB10,-0.4035082459449768,4.5894669300017404e-05,0.002717097450587987
345,-4.073937892913818,SRGN,-0.7783288955688477,4.622485597655232e-05,0.0027287360789626618
346,4.0628156661987305,HAUS1,0.4223376512527466,4.848434783457776e-05,0.0028538697536635467
347,4.0613694190979,NOP10,0.3487033545970917,4.87856584323243e-05,0.0028633229745037383
348,-4.060702323913574,MT-CO3,-0.2800123393535614,4.8925322795681986e-05,0.0028633229745037383
349,4.052805423736572,LCK,1.7570750713348389,5.060706026400505e-05,0.002947671841832148
350,4.05258321762085,PSMB1,0.1597416251897812,5.065521745327217e-05,0.002947671841832148
351,-4.051248550415039,RNASET2,-2.958470344543457,5.094507394574608e-05,0.002956116861766658
352,4.0481343269348145,ATP5G3,0.24805332720279694,5.162753101773613e-05,0.0029872303712103697
353,4.047355651855469,ATP5B,0.25500553846359253,5.179949409221748e-05,0.0029887137481173507
354,-4.042795658111572,PLXNA1,-0.8294934034347534,5.28176575708713e-05,0.00303887508700013
355,-4.039681434631348,SLC4A7,-1.3291869163513184,5.352385531406273e-05,0.003046831152910092
356,-4.039125442504883,CCDC66,-1.419924259185791,5.3650899800991335e-05,0.003046831152910092
357,4.039125442504883,PSMA4,0.15757036209106445,5.3650899800991335e-05,0.003046831152910092
358,4.038902759552002,ATP5D,0.3006303012371063,5.370179755435168e-05,0.003046831152910092
359,4.038902759552002,MAGEA12,2.375185251235962,5.370179755435168e-05,0.003046831152910092
360,-4.026668548583984,GNG11,-1.5161510705947876,5.657270768136159e-05,0.003193491725125666
361,-4.026557445526123,ARPC4,-0.6930007338523865,5.659946166440593e-05,0.003193491725125666
362,4.023999214172363,APOBEC3C,0.8040305376052856,5.7218121128119125e-05,0.0032182537467491455
363,-4.023443222045898,DDIT4,-1.2429344654083252,5.7353457224807296e-05,0.0032182537467491455
364,-4.022775650024414,SKIL,-0.9394679665565491,5.7516260754126634e-05,0.0032185469202822914
365,-4.017548084259033,MPC1,-2.4329562187194824,5.8806783324458336e-05,0.0032817719929018074
366,4.016213417053223,RNASEH2A,0.5840463042259216,5.914064619496671e-05,0.0032914106227035288
367,-4.009428977966309,CTNNB1,-1.0407187938690186,6.0865718160540884e-05,0.0033738211559962185
368,4.009095668792725,NDUFB9,0.264861136674881,6.0951775107104267e-05,0.0033738211559962185
369,-4.001643657684326,WDR82,-0.8632581830024719,6.290399775561606e-05,0.0034724706869147513
370,3.998640537261963,GSTZ1,1.2173070907592773,6.370732565646168e-05,0.0035028425512576298
371,3.9983069896698,LPCAT4,0.5381404161453247,6.379718134971056e-05,0.0035028425512576298
372,-3.997528314590454,GID8,-0.605026125907898,6.400731138904341e-05,0.003504958003005929
373,-3.9965274333953857,EXOG,-1.6407755613327026,6.427844130295685e-05,0.003510393485595972
374,3.9933018684387207,C14orf2,0.22667478024959564,6.515949584798452e-05,0.003549020540520223
375,3.9919674396514893,ALDOA,0.15530185401439667,6.552740313240137e-05,0.003559567045157708
376,-3.987740993499756,PADI3,-1.121537446975708,6.670545605139774e-05,0.003613949442572411
377,3.98696231842041,HLA-A,0.18913117051124573,6.692464036155709e-05,0.003616232220594718
378,-3.980733871459961,CYSTM1,-0.5154036283493042,6.870281325925408e-05,0.0037025196855415953
379,-3.978398323059082,HMGA2,-0.5999401807785034,6.938108061441108e-05,0.0037292330830245956
380,-3.962271213531494,NOP56,-0.45391392707824707,7.42401576998924e-05,0.003979934963307881
381,-3.9568212032318115,CCDC80,-2.0129189491271973,7.595371073920216e-05,0.004061137544105246
382,3.9464776515960693,GTF2F2,0.41564810276031494,7.93093138377009e-05,0.004229484948133266
383,-3.945254325866699,UBE2E1,-1.1492496728897095,7.971535562155334e-05,0.004240068069193299
384,3.9439196586608887,PA2G4,0.3286261260509491,8.016055123074912e-05,0.004251508314257196
385,3.9433634281158447,FKBP2,0.2866465449333191,8.034674219355091e-05,0.004251508314257196
386,-3.940138101577759,MLLT4,-1.27335524559021,8.143473692393994e-05,0.004297944448763497
387,3.9383585453033447,KRTCAP3,0.6568875908851624,8.20409558222838e-05,0.004318779697603471
388,-3.9324636459350586,SEC61A1,-0.7554086446762085,8.40796637191659e-05,0.004414722702992194
389,3.9274587631225586,CYP2S1,0.5518016815185547,8.584813146666963e-05,0.0044960207312993005
390,-3.924900770187378,BLCAP,-0.4162452518939972,8.676553138333063e-05,0.004532444957812092
391,-3.9195621013641357,MYADM,-1.1244454383850098,8.871002650859944e-05,0.004622199723056488
392,-3.9176712036132812,CTDSPL,-1.1791579723358154,8.940852024198115e-05,0.004646740524026628
393,3.915891647338867,CIRBP,0.3801036775112152,9.007066945824068e-05,0.004669272648945599
394,-3.9151132106781006,PTRF,-0.6016802787780762,9.03618139753886e-05,0.004672506456828638
395,-3.9089958667755127,ARIH2,-0.6945087909698486,9.268050698184621e-05,0.004780301401778305
396,-3.9083285331726074,APEH,-1.0959848165512085,9.293682736185746e-05,0.004781447604196318
397,3.904435873031616,HPGD,0.7365888953208923,9.444542351754431e-05,0.004846853706899102
398,-3.8992085456848145,MET,-0.5923676490783691,9.650765635985072e-05,0.004940272885087597
399,3.8895320892333984,CST3,0.2836918830871582,0.00010043764649669667,0.005125193779122283
400,-3.889087200164795,GINM1,-0.7776269316673279,0.00010062191948240077,0.005125193779122283
401,3.887974977493286,NDUFB11,0.21778452396392822,0.0001010839991626302,0.005135922096758015
402,-3.8854169845581055,SGOL1,-1.0711078643798828,0.0001021543951788428,0.005177428093121252
403,-3.8630614280700684,AXL,-0.8738654851913452,0.00011197483145902868,0.005647125759384347
404,-3.8630614280700684,UBN1,-0.7592459321022034,0.00011197483145902868,0.005647125759384347
405,3.8549423217773438,MRPL36,0.3375479578971863,0.00011575694744730775,0.005823486826628721
406,3.852384090423584,PSMC6,0.5109105706214905,0.00011697331816096117,0.005870221187807449
407,3.8472678661346436,PPA2,0.35808566212654114,0.0001194423097106114,0.005979434254507936
408,3.8454883098602295,MRPS23,0.49443429708480835,0.0001203125478508895,0.006008273324827429
409,3.838258981704712,EIF3K,-0.12389504164457321,0.00012390974181606843,0.006172820674617555
410,-3.8269143104553223,SPCS1,-0.5205980539321899,0.0001297596119171273,0.006448515993691789
411,3.82535719871521,FAM177A1,0.4247986376285553,0.00013058255733798768,0.00647366197482621
412,3.8245787620544434,TMEM160,0.42356076836586,0.000130995872022544,0.0064784278112844105
413,3.819796323776245,SNU13,0.28703951835632324,0.0001335619744418622,0.00658938001926337
414,3.8154585361480713,FAM192A,0.42673254013061523,0.00013593026045882373,0.006690061614148131
415,3.8140127658843994,TMEM256,0.3717760145664215,0.0001367284415593729,0.006690079905700285
416,-3.8140127658843994,RHOF,-0.8126292824745178,0.0001367284415593729,0.006690079905700285
417,3.8136789798736572,DAD1,0.2799654006958008,0.00013691326318642443,0.006690079905700285
418,-3.810676097869873,PTPN1,-0.5437759757041931,0.00013858728138581067,0.006755716521014756
419,3.809786319732666,SPRYD4,0.7676284313201904,0.00013908697753241235,0.006763932181189338
420,3.804781198501587,ATP5L,0.1421699970960617,0.000141929538363684,0.0068857739218010595
421,3.799220323562622,TFF1,0.3222605288028717,0.00014515207603963215,0.007025429272771296
422,3.7944376468658447,TTLL12,0.6873785257339478,0.00014797844135110302,0.007145294715357633
423,-3.7905449867248535,FAM107B,-0.8087334632873535,0.00015031714093042468,0.007241102838452651
424,3.789210319519043,NDUFA9,0.4600033462047577,0.00015112695971542867,0.007262983887500307
425,-3.785428762435913,CRTAP,-0.8345109224319458,0.00015344380776109476,0.0073570182477003775
426,-3.7776432037353516,TNFAIP2,-0.86383056640625,0.00015831946713991293,0.00757300964012347
427,-3.7705249786376953,SLMAP,-0.8775619268417358,0.00016290446316319775,0.007774120701187649
428,3.7681894302368164,SUCLG1,0.34408456087112427,0.00016443593959299674,0.007828913907195707
429,-3.7672996520996094,NDUFAF3,-0.6022781729698181,0.00016502291426290285,0.007838588427487886
430,3.766632318496704,MRPL4,0.4770115911960602,0.00016546443830950687,0.007841325179748672
431,-3.7563998699188232,FOS,-1.1752904653549194,0.00017237518727049523,0.008149914814814502
432,3.7500603199005127,MRPL40,0.44948437809944153,0.00017679209085487999,0.008339442160995204
433,-3.7430531978607178,ARPC1A,-0.3783969283103943,0.00018179766077216003,0.00855580004901237
434,-3.7380483150482178,PLOD1,-1.071374773979187,0.00018545431870586301,0.008707826343832764
435,3.7343780994415283,ACOT7,0.6188715696334839,0.00018817968858421478,0.008815527842505933
436,3.733710765838623,NAA10,0.23221911489963531,0.00018867923730713203,0.008818703482833345
437,3.7300403118133545,VPS25,0.5686039328575134,0.00019144910925694453,0.008911331579706933
438,-3.729929208755493,IL13RA1,-1.0138835906982422,0.0001915336383594293,0.008911331579706933
439,3.7289280891418457,DNAJC8,0.22912533581256866,0.00019229598023705522,0.008926466809867847
440,3.727593421936035,SNW1,0.3652775287628174,0.00019331687245861443,0.008953508208542403
441,3.726592540740967,MRPL28,0.4441392123699188,0.0001940858817424392,0.008968787634817467
442,3.725146532058716,FAM96B,0.19359493255615234,0.00019520174937294772,0.008999990363301258
443,-3.7230334281921387,DHCR24,-0.6488483548164368,0.00019684348159019674,0.009026562465651552
444,-3.7229220867156982,ENAH,-0.9080996513366699,0.00019693024692749982,0.009026562465651552
445,3.7226996421813965,ATP6V1F,0.338660329580307,0.00019710388541887845,0.009026562465651552
446,-3.717583417892456,CCDC69,-1.9060029983520508,0.00020113749730842396,0.009190678708108633
447,-3.7153589725494385,CALU,-0.5622058510780334,0.0002029153194405219,0.009251217409760402
448,3.711132764816284,NDUFB3,0.25646305084228516,0.00020633392201790504,0.00938612551718421
449,3.709909200668335,LAMTOR5,0.2607762813568115,0.00020733356895985653,0.00941064032445571
450,3.7089083194732666,METTL1,0.7093741297721863,0.00020815484352686633,0.0094269682462001
451,3.7045705318450928,ST3GAL5,1.0932306051254272,0.000211749134560426,0.009555789775322645
452,-3.704348087310791,GK5,-1.6365420818328857,0.00021193501925195388,0.009555789775322645
453,3.7030134201049805,PUF60,0.4200316071510315,0.00021305354940580646,0.009585063318532153
454,3.7015676498413086,BRIX1,0.4705658555030823,0.00021427154491648358,0.009618673197624565
455,3.700232982635498,UCHL3,0.2796028256416321,0.00021540164910475323,0.009627139820041052
456,3.699899196624756,UQCRFS1,0.3316428065299988,0.00021568504835128946,0.009627139820041052
457,3.699676752090454,MT1M,0.6691499352455139,0.00021587417564645296,0.009627139820041052
458,3.6944494247436523,DERA,0.7033701539039612,0.00022036374955597892,0.009805946807583593
459,3.6913352012634277,PTHLH,0.5930954217910767,0.000223079902302047,0.00990523261852024
460,-3.6812140941619873,COMMD2,-0.6519002318382263,0.00023212602812086567,0.010284542569129461
461,3.674429416656494,LINC00152,0.31175345182418823,0.00023838142764258553,0.010538832596536384
462,-3.6695358753204346,GPX4,-0.3594129681587219,0.00024299133366850707,0.01071943410405887
463,-3.6674225330352783,SEMA3A,-1.0283130407333374,0.00024500771657474815,0.010785091834136274
464,-3.6636409759521484,TOMM5,-0.8613138198852539,0.00024865520904975225,0.010912888156335555
465,-3.6633074283599854,RYBP,-0.9687663912773132,0.00024897948009069124,0.010912888156335555
466,3.661416530609131,MYEOV,0.5413042902946472,0.0002508245206078569,0.010970215917377898
467,3.6607491970062256,MPG,0.33098968863487244,0.0002514787673391372,0.010975328681414266
468,3.656189203262329,ERCC1,0.3974711000919342,0.0002559924706614685,0.011148499388615125
469,3.647068977355957,COX6A1,0.20193342864513397,0.00026524871294844685,0.011527031833983035
470,-3.6395058631896973,BASP1,-0.849338710308075,0.0002731616486566685,0.011830821978400194
471,3.6392834186553955,UBR4,0.5676046013832092,0.00027339769761590654,0.011830821978400194
472,3.637615203857422,RAB38,0.6511055827140808,0.00027517416815406776,0.011863174574490334
473,3.6369478702545166,PSMB4,0.3865227997303009,0.0002758877808021008,0.011863174574490334
474,-3.6369478702545166,ZNF148,-0.7097856402397156,0.0002758877808021008,0.011863174574490334
475,-3.634723424911499,SLC2A4RG,-0.8501622676849365,0.0002782790353781239,0.011940859868903742
476,3.6340560913085938,ARF5,0.46038976311683655,0.000279000190512103,0.011946706270879882
477,-3.631164312362671,NEK6,-0.996810257434845,0.0002821454804416803,0.012056111795023682
478,3.6283838748931885,RSL24D1,0.352996826171875,0.0002852011038873703,0.012161237049894651
479,3.6266043186187744,LAD1,0.43033620715141296,0.00028717294497687565,0.01221980708573476
480,-3.6246023178100586,SERPINH1,-0.5316638946533203,0.00028940653036349095,0.012289248196828072
481,3.6233787536621094,AP3M2,0.6980225443840027,0.000290779500113692,0.012321932136560496
482,3.6151483058929443,STAP2,0.7528743147850037,0.0003001756352456929,0.012693762629178628
483,-3.613257646560669,LRRFIP2,-0.6952039003372192,0.0003023740073483127,0.012760308058035718
484,-3.6090312004089355,AZI2,-0.8750116229057312,0.0003073426506237325,0.012943244616473684
485,-3.605027198791504,ANAPC13,-0.6670958995819092,0.00031212021455011464,0.013117397905732698
486,-3.603914976119995,C7orf50,-0.6155920624732971,0.0003134596033483116,0.013146637368355779
487,-3.592125415802002,AK4,-0.9608398675918579,0.00032799180612495246,0.01371156413529232
488,-3.5919029712677,VGLL4,-1.283362627029419,0.0003282719638755419,0.01371156413529232
489,-3.5899009704589844,RAP2B,-0.6406813263893127,0.0003308034804978152,0.01378910426360791
490,-3.5828940868377686,SLC16A3,-0.8372184038162231,0.00033980837998732913,0.014135613363016695
491,3.5823380947113037,COX7A2,0.12836953997612,0.0003405327904065679,0.014136955780597864
492,-3.5814483165740967,EZR,-0.5864067077636719,0.0003416948529196449,0.014156424687390966
493,3.575998306274414,COX7C,0.12230905890464783,0.0003488938257574549,0.014425417795740924
494,3.5746636390686035,FXYD5,0.3753225803375244,0.00035067833809149934,0.014469909203068431
495,3.573328971862793,RP13-463N16.6,0.8918647766113281,0.00035247138460278525,0.014514572642161066
496,3.572439193725586,KLC1,0.6183745861053467,0.0003536715087170812,0.014534689266692925
497,-3.570993423461914,NOL4L,-1.7927501201629639,0.0003556298645521219,0.014585823259994156
498,3.5696587562561035,CASP4,0.38903674483299255,0.00035744657439659873,0.014630954473047153
499,-3.5655436515808105,MT2A,-0.49127262830734253,0.00036310287984124025,0.014832752641514664
500,3.562985420227051,MRPL15,0.4021855294704437,0.0003666610286692013,0.01494820660792103
501,3.5610947608947754,RRP7A,0.5116279125213623,0.00036931188859762527,0.015026285507184255
502,3.5603160858154297,CRABP2,0.2385566681623459,0.0003704086182063131,0.01504094637547504
503,-3.5531978607177734,TNFRSF12A,-0.46109211444854736,0.00038057799659382526,0.01542322535799381
504,-3.548081636428833,PLS3,-0.6643539071083069,0.0003880477808128943,0.015694803808125476
505,3.5414085388183594,NDUFS3,0.37973397970199585,0.0003979969677100175,0.0160178991627477
506,3.5411860942840576,TRIM29,0.47730234265327454,0.00039833267619209146,0.0160178991627477
507,3.5406298637390137,DAPK1,1.5355173349380493,0.0003991731052062952,0.0160178991627477
508,3.5406298637390137,ADSL,0.5613893270492554,0.0003991731052062952,0.0160178991627477
509,-3.5376269817352295,CGGBP1,-0.9262474775314331,0.00040374012092304104,0.01616939601931983
510,3.5365147590637207,SLC9A3R2,0.35597994923591614,0.0004054439608093482,0.016181016655868262
511,3.5364034175872803,SPRYD7,0.6429424285888672,0.000405614713723601,0.016181016655868262
512,-3.5355136394500732,NBEAL1,-0.5055658221244812,0.0004069831573641116,0.016186055164830626
513,3.5352911949157715,MRPS18C,0.28286558389663696,0.0004073259414797034,0.016186055164830626
514,-3.532510757446289,EIF4G2,-0.475828617811203,0.00041163355973764876,0.0163254669080417
515,3.530397415161133,SYT1,1.8458027839660645,0.00041493576582181114,0.01642454073044669
516,3.528729200363159,GABARAPL2,0.26448649168014526,0.0004175602294540885,0.0164964558735005
517,3.5279505252838135,AES,0.31934577226638794,0.0004187902771020649,0.01651311082974841
518,-3.5247251987457275,MCOLN3,-2.2754576206207275,0.0004239223258796168,0.01668326301751671
519,3.5236129760742188,TOMM40,0.35889920592308044,0.00042570557222685576,0.01672122367833371
520,-3.523056983947754,LRRC58,-0.5620929002761841,0.00042659981968163626,0.016724186788862613
521,3.5206100940704346,TMEM258,0.0925430878996849,0.00043055538537831303,0.016846922885731884
522,-3.5188305377960205,UBE2E2,-1.8873870372772217,0.0004334536399860558,0.016927897890468814
523,-3.5168285369873047,PKIB,-0.7212783098220825,0.00043673594300453367,0.01702353365623588
524,-3.5136029720306396,MT-CO2,-0.3481501638889313,0.00044207294236088063,0.017198742567087595
525,3.512268304824829,TSEN34,0.2808837294578552,0.0004442991122310657,0.017252489291481973
526,3.5108225345611572,ATP5J,0.16297554969787598,0.0004467226015753443,0.017313679577184833
527,3.5093765258789062,LINC00162,0.5560944080352783,0.0004491584243911952,0.017375115185966215
528,3.503370523452759,WDR72,0.39326125383377075,0.000459409746843605,0.017738079544953936
529,3.5003676414489746,PLD3,0.5437844395637512,0.00046461688822452507,0.017905282909407405
530,3.4946954250335693,C9orf114,0.5896303057670593,0.0004746031574716806,0.01824416192708084
531,-3.494361639022827,IL2RG,-1.4230984449386597,0.0004751967757751289,0.01824416192708084
532,3.4883556365966797,HDAC1,0.22861512005329132,0.0004860010494053611,0.018623961414830206
533,-3.4850189685821533,TSPAN6,-0.6848568916320801,0.0004921019827117936,0.01882244006907937
534,3.481126308441162,COX8A,0.19429911673069,0.0004993099796927508,0.019062441748083057
535,3.478790760040283,ATP6V0B,0.23275449872016907,0.0005036819034509714,0.019173641005922212
536,-3.4785683155059814,HMGN2,-0.3261750042438507,0.0005041001331789586,0.019173641005922212
537,3.4768998622894287,GHITM,0.24015428125858307,0.000507247191393524,0.01923770423453618
538,3.476677417755127,TMEM14A,0.2919851839542389,0.0005076681802895962,0.01923770423453618
539,-3.473118305206299,SEMA4B,-0.8786255121231079,0.0005144484558014775,0.019446729919225254
540,3.4727847576141357,GLRX3,0.2432457059621811,0.0005150884154859664,0.019446729919225254
541,3.4708938598632812,SUB1,0.23321734368801117,0.0005187288920903422,0.019548039891042878
542,-3.4612176418304443,EPAS1,-0.7367407083511353,0.0005377379091656764,0.020227065920274293
543,-3.4592156410217285,MAVS,-0.6820679306983948,0.0005417509837619608,0.020340558535547885
544,3.4571025371551514,UBXN4,0.2972632050514221,0.0005460172658139085,0.020463124136236847
545,3.4565463066101074,EMC4,0.3241482079029083,0.0005471451622584805,0.02046783871635433
546,-3.4559903144836426,TMEM189,-0.5528061985969543,0.0005482752288462459,0.020472617091745103
547,3.4535434246063232,TH,0.9930313229560852,0.0005532734002125541,0.020621549633834706
548,-3.452653646469116,ELP6,-1.1524035930633545,0.000555101416020227,0.020651997126071287
549,-3.447314977645874,TNFRSF21,-0.5619980096817017,0.0005661881802767664,0.021026170149369007
550,-3.4454240798950195,SPTSSA,-0.5315545201301575,0.0005701639450723896,0.02113538761906272
551,-3.4442007541656494,PMEPA1,-0.6241575479507446,0.000572750335528555,0.021142367603092727
552,3.4439783096313477,PNMA1,1.2869157791137695,0.0005732217604814183,0.021142367603092727
553,3.4438669681549072,EPRS,0.3920346200466156,0.0005734576084266032,0.021142367603092727
554,3.4418649673461914,EXOSC1,0.521190881729126,0.0005777183528530669,0.021261076318961968
555,3.4398629665374756,CHURC1,0.3170735538005829,0.0005820085576451383,0.021380440269607823
556,-3.439084529876709,PRKACB,-0.814674973487854,0.0005836849667848218,0.021403528629407514
557,-3.4378609657287598,TMEM230,-0.38965845108032227,0.0005863284091888689,0.021461931465381088
558,3.4365265369415283,DCTN2,0.6190102100372314,0.0005892248731530481,0.021529370365207526
559,3.4348580837249756,BTF3L4,0.3567672073841095,0.0005928641844673529,0.021623662442403005
560,-3.4268500804901123,ZNF462,-0.9950022101402283,0.0006106259575829446,0.022231791771179402
561,3.4251818656921387,JOSD2,0.34510886669158936,0.0006143881142432545,0.022328963048787318
562,3.424403190612793,KRT4,1.0628219842910767,0.0006161511586947038,0.022353263616943737
563,3.4237358570098877,AHSA1,0.42304277420043945,0.0006176660853499494,0.022368492541263683
564,3.4218451976776123,MDH1,0.3981926143169403,0.0006219772195803019,0.02248475169898702
565,3.4177298545837402,MRPS11,0.39345085620880127,0.0006314572320231103,0.022774838377007296
566,-3.417396306991577,ANKRD28,-2.327192783355713,0.0006322317434400556,0.022774838377007296
567,-3.415839195251465,NFE2L3,-1.6926589012145996,0.0006358578288034552,0.02286513407272988
568,-3.414393424987793,MAP4,-0.7691963315010071,0.0006392422213313124,0.02294643650385247
569,3.411835193634033,MRPL1,0.40033942461013794,0.0006452710713762645,0.02312221339098281
570,-3.411167860031128,CRNDE,-1.2208714485168457,0.0006468524893720427,0.02313828738252885
571,3.4101669788360596,PPP1CA,0.26196733117103577,0.0006492313762099075,0.02315176240301545
572,-3.410055637359619,ITGAV,-0.814728856086731,0.0006494961986255987,0.02315176240301545
573,3.4060516357421875,CYSRT1,0.6611983776092529,0.0006590969824754993,0.0234530590018503
574,-3.4053843021392822,TM9SF3,-0.5499106049537659,0.0006607098855247951,0.02345498836498972
575,3.4049394130706787,DNAJC15,0.2873649001121521,0.0006617871923725555,0.02345498836498972
576,3.4046058654785156,KRT7,0.14779578149318695,0.0006625962441419372,0.02345498836498972
577,3.3975987434387207,CNN3,0.3861335813999176,0.0006798002367412206,0.024022352656469605
578,-3.3919265270233154,CRYBG3,-1.0469907522201538,0.000694030437642361,0.024482852657763773
579,-3.390925645828247,RP3-460G2.2,-1.0706701278686523,0.0006965702072473239,0.024530080143149294
580,3.3889236450195312,MT1X,0.3597465753555298,0.0007016756794070379,0.02463262094749746
581,3.388812303543091,GNB2L1,0.09220586717128754,0.0007019603338508031,0.02463262094749746
582,3.3883674144744873,EIF4EBP1,0.4416920840740204,0.0007031000250864636,0.02463262094749746
583,-3.386810302734375,KPNA1,-0.6394721269607544,0.0007071024995273414,0.02473042560418827
584,3.3854756355285645,RP11-742B18.1,1.0700234174728394,0.0007105500322600032,0.024808520357112077
585,-3.3836960792541504,MBNL1,-0.4745400846004486,0.0007151710402539962,0.024927249995201146
586,3.380693197250366,MYL12B,0.11593857407569885,0.0007230323571198383,0.025158323499442414
587,-3.377690076828003,TMEM123,-0.5444119572639465,0.0007309738898360644,0.02539139744881227
588,3.3752431869506836,PRPF31,0.3137710392475128,0.000737504594898369,0.025574756113411184
589,-3.37235164642334,RTN4,-0.6224275231361389,0.0007452925577985532,0.025801017784805844
590,3.3704607486724854,DDRGK1,0.3214752972126007,0.0007504259097227715,0.02593477023026668
591,3.3679027557373047,SRA1,0.27746084332466125,0.0007574233050609696,0.02610937148661373
592,3.367680311203003,MRPL42,0.2929983139038086,0.000758034628717843,0.02610937148661373
593,-3.362119197845459,GNAS,-0.35994622111320496,0.0007734674274782908,0.026596081155293085
594,3.3590049743652344,NDUFS7,0.30855971574783325,0.0007822366989049084,0.026852411050643284
595,3.3535549640655518,RAB11A,0.27655836939811707,0.0007978053434963193,0.027340896209584433
596,3.351886749267578,UXT,0.20845897495746613,0.0008026284407010817,0.027460110387470007
597,-3.350107192993164,SNX10,-1.9712188243865967,0.0008078028923254289,0.02756699409321795
598,3.3498847484588623,WBSCR22,0.2557465136051178,0.0008084518708366,0.02756699409321795
599,3.3467705249786377,PTRH1,0.6069589853286743,0.000817588515841051,0.02783207572675578
600,-3.3367605209350586,CMSS1,-0.5059654712677002,0.0008476092171215796,0.028806020398849025
601,-3.3317556381225586,MRPL18,-0.40371739864349365,0.000862999989165286,0.029278560886927502
602,-3.331310749053955,SYNJ2,-0.8012170791625977,0.0008643805245932574,0.029278560886927502
603,-3.33064341545105,ASPH,-0.49911078810691833,0.0008664551677489869,0.029300243048465326
604,-3.3288638591766357,SERINC1,-0.770933985710144,0.000872010143502874,0.029437751592567334
605,3.3284189701080322,SLC25A3,0.28141120076179504,0.0008734040374587909,0.029437751592567334
606,3.326305866241455,C1QBP,0.2599412500858307,0.000880053289170714,0.02961299576822378
607,-3.3253047466278076,GSPT1,-0.48289620876312256,0.0008832192870824623,0.029670647925426466
608,3.3228578567504883,POP5,0.522282600402832,0.000891002897174897,0.02988297894055381
609,3.3214120864868164,HAS2,0.6593421697616577,0.0008956321410801205,0.02998899423206797
610,-3.3187427520751953,DAG1,-0.7571169137954712,0.0009042370567991057,0.03022756446010104
611,3.316851854324341,MRPL21,0.30272290110588074,0.000910378495226655,0.0303831385049092
612,3.311958074569702,CTSC,0.42348358035087585,0.0009264539382173785,0.030869203406345767
613,-3.3096225261688232,OAZ1,-0.25450044870376587,0.0009342186705896808,0.031000949108120443
614,3.309511423110962,HSPB11,0.32117995619773865,0.0009345899193574382,0.031000949108120443
615,3.3094000816345215,IDH3G,0.5681745409965515,0.0009349613048030449,0.031000949108120443
616,-3.3085103034973145,CCNL1,-0.5806055068969727,0.0009379373142601259,0.031011295078242213
617,3.308399200439453,REEP5,0.29414793848991394,0.0009383099318655417,0.031011295078242213
618,-3.3070645332336426,FSTL1,-3.3665552139282227,0.0009427920528390822,0.03110909156581301
619,-3.3035054206848145,SMS,-0.5966736078262329,0.0009548415235679592,0.03144189983644831
620,-3.303060531616211,C6orf120,-1.4674839973449707,0.0009563576962390438,0.03144189983644831
621,3.3027267456054688,SEPP1,2.3157029151916504,0.0009574962887770305,0.03144189983644831
622,-3.299501419067383,GUK1,-0.34172338247299194,0.0009685675950207038,0.03172864954058498
623,3.299278974533081,PMF1,0.5971558094024658,0.0009693354865765007,0.03172864954058498
624,3.29660964012146,MYH14,0.6458700895309448,0.000978594266515516,0.031980460629727064
625,3.292271852493286,MRPL52,0.28706035017967224,0.0009938146118675967,0.03242597994791639
626,-3.290492296218872,UBE2I,-0.360146164894104,0.001000122023397457,0.0325797325803717
627,3.287266969680786,C19orf70,0.167350634932518,0.0010116487564491648,0.03290274816954489
628,-3.2864885330200195,CREG1,-1.1515990495681763,0.0010144494345346716,0.032941382671495496
629,3.2858211994171143,RPS15,0.11066995561122894,0.0010168557260499212,0.03296710826122166
630,3.2840416431427,MIB2,0.6187412142753601,0.001023298355739336,0.03312340557206963
631,3.283374309539795,SAMD9,0.07792172580957413,0.0010257240665324885,0.03314938933374379
632,-3.278369188308716,CALR,-0.5400382876396179,0.0010440872304119935,0.033676192093174066
633,3.2780356407165527,EPCAM,0.14760029315948486,0.0010453221927575205,0.033676192093174066
634,3.273141860961914,MRPL22,0.3393288850784302,0.0010635909498713813,0.034210779765547976
635,3.2668023109436035,TRAPPC2L,0.27811580896377563,0.0010876965142037863,0.034931134123604296
636,3.265467643737793,NANS,0.3711244761943817,0.001092835329509909,0.03504107002392448
637,3.2615747451782227,PDLIM2,0.8745431900024414,0.0011079520683835976,0.03547009560616768
638,-3.261129856109619,MTCH1,-0.4786147177219391,0.0011096919526460817,0.035470200520807856
639,3.249674081802368,DHRS4L2,0.6568024158477783,0.0011553734860986935,0.03687266164619658
640,3.242555856704712,SERPINB2,0.2476712465286255,0.0011846271755776535,0.03774728558685425
641,3.239886522293091,SMDT1,0.32016804814338684,0.0011957726423146942,0.038043078223173876
642,3.238440752029419,BAD,0.3976804316043854,0.0012018501421362537,0.03817696602353496
643,3.232545852661133,KRT5,0.31886959075927734,0.0012269241269930093,0.03886772466087467
644,-3.2324347496032715,NCEH1,-1.4785841703414917,0.0012274018313960422,0.03886772466087467
645,3.2304327487945557,NUDT8,0.7694907784461975,0.0012360299381176012,0.03908035833754181
646,3.226984739303589,RPL7A,0.11880213767290115,0.0012510208681655725,0.03949320128637066
647,-3.226428747177124,SNX3,-0.5267201662063599,0.001253454423657262,0.03949410271650087
648,-3.226094961166382,LFNG,-2.433669328689575,0.0012549166542476897,0.03949410271650087
649,3.222313642501831,CCNB1IP1,0.3986063599586487,0.0012715990347551592,0.039957554284421735
650,3.2209789752960205,TUBA4A,0.36683860421180725,0.001277535648441725,0.04008243566731525
651,3.216196298599243,XRCC5,0.10608414560556412,0.0012990192431731387,0.04069396938928123
652,-3.213749408721924,SSR3,-0.5059674978256226,0.001310139329611831,0.04097947290554617
653,-3.205296516418457,HMGB2,-0.6889601945877075,0.0013492335880724605,0.04213776152351683
654,-3.2041842937469482,RBCK1,-0.45938485860824585,0.0013544569349506035,0.04223630976544439
655,-3.2036283016204834,RSRC1,-0.3956829309463501,0.001357075597598687,0.04225345896486765
656,-3.2030720710754395,ABI2,-0.7605434060096741,0.0013596989297201712,0.04227070112562328
657,3.198512077331543,COMT,0.3922497034072876,0.001381387351691162,0.04278274473533929
658,-3.198512077331543,CDV3,-0.7034755349159241,0.001381387351691162,0.04278274473533929
659,3.198289632797241,MRPL57,0.30350229144096375,0.0013824534406523344,0.04278274473533929
660,-3.192061185836792,NFKBIZ,-0.9824059009552002,0.0014126137608976854,0.0436499789203256
661,-3.190837860107422,CDC25B,-0.6808490753173828,0.0014186089328706085,0.04376901428078879
662,3.189725637435913,AQP3,0.1377989798784256,0.0014240794359040483,0.04387152711665186
663,-3.1875011920928955,ZNF704,-1.2762863636016846,0.0014350788301865326,0.044143802871325195
664,-3.187056303024292,ING2,-0.4756815433502197,0.001437288085071188,0.04414527689861506
665,3.1863889694213867,LAMB3,0.5282549262046814,0.0014406078461700717,0.04418080369072629
666,3.1842756271362305,PDZD11,0.24062147736549377,0.0014511671072711095,0.044437913292372434
667,3.1831634044647217,HRK,2.2114524841308594,0.0014567532214998585,0.04454219243882426
668,3.182051181793213,AKR1C1,0.4557400047779083,0.001462359147670343,0.04464676471026421
669,-3.1804943084716797,CSK,-0.5952357053756714,0.0014702408489402216,0.044820401999408996
670,-3.17671275138855,ATP6V1A,-0.693596363067627,0.0014895453782245497,0.04534122853984564
671,3.176156520843506,SEC61G,0.14481979608535767,0.0014924038962012501,0.04536063925581925
672,3.1730422973632812,PSMD4,0.24660517275333405,0.0015085052124365085,0.04578190039229671
673,-3.1704843044281006,GLO1,-0.5387032628059387,0.001521850844628688,0.04611840282127737
674,3.1695945262908936,UBE2N,0.2600758373737335,0.0015265182379383705,0.04619131112576477
675,3.1687047481536865,MRPL48,0.3972799479961395,0.0015311988129025514,0.04626440200227013
676,-3.162921190261841,IP6K2,-0.8273342251777649,0.0015619461743976014,0.04712370843732794
677,3.1619200706481934,LLPH,0.3601032495498657,0.0015673251952130784,0.04721624942806361
678,-3.1606967449188232,NT5DC2,-1.1336742639541626,0.001573922715811006,0.04734517153231192
679,-3.156247854232788,H1F0,-0.5521567463874817,0.001598129837233599,0.04796873163572815
680,-3.1560254096984863,SERP1,-0.3543061912059784,0.0015993491429097122,0.04796873163572815
681,3.1542458534240723,SLIRP,0.19035130739212036,0.0016091344605181567,0.04819145360129524
682,3.1525776386260986,GLRX2,0.4878866672515869,0.0016183582149326507,0.048344388144200695
683,-3.152466297149658,TFDP2,-0.6779712438583374,0.001618974858782535,0.048344388144200695
684,3.150909185409546,HHLA3,0.8718067407608032,0.0016276306096846506,0.04853190540556057
685,3.1455705165863037,GSTO1,0.12035825848579407,0.001657631827504299,0.049354417021538345
686,-3.144792079925537,JAGN1,-0.9505276679992676,0.0016620492715963301,0.04941391029454883
